<?xml version="1.0" encoding="utf-8" ?><dwsync><file name="ball.png" server="lcatdesigns.com/videofitness/" local="129431325866614123" remote="129445285800000000" /><file name="ballet.png" server="lcatdesigns.com/videofitness/" local="129431218038041658" remote="129445285800000000" /><file name="bento-step.jpg" server="lcatdesigns.com/videofitness/" local="129429453800000000" remote="129445285800000000" /><file name="bosu.png" server="lcatdesigns.com/videofitness/" local="129431327858718065" remote="129445285800000000" /><file name="cardio.png" server="lcatdesigns.com/videofitness/" local="129431203134779240" remote="129445285800000000" /><file name="cart.png" server="lcatdesigns.com/videofitness/" local="129430442743527528" remote="129445285800000000" /><file name="cathe-as.jpg" server="lcatdesigns.com/videofitness/" local="129444453479343492" remote="129445285800000000" /><file name="cathe-db.jpg" server="lcatdesigns.com/videofitness/" local="129431493037144513" remote="129445285800000000" /><file name="cathe-hr.jpg" server="lcatdesigns.com/videofitness/" local="129444453479683511" remote="129445285800000000" /><file name="circuit.png" server="lcatdesigns.com/videofitness/" local="129431331177847908" remote="129445285800000000" /><file name="coffey-meyer-lift.jpg" server="lcatdesigns.com/videofitness/" local="129429453220000000" remote="129445285800000000" /><file name="harper-ucb.jpg" server="lcatdesigns.com/videofitness/" local="129444453480063533" remote="129445285800000000" /><file name="info-act.png" server="lcatdesigns.com/videofitness/" local="129435524371507506" remote="129445285800000000" /><file name="info.png" server="lcatdesigns.com/videofitness/" local="129432180741061943" remote="129445285800000000" /><file name="jillian-shred30.jpg" server="lcatdesigns.com/videofitness/" local="129429452140000000" remote="129445285800000000" /><file name="kettlebell.png" server="lcatdesigns.com/videofitness/" local="129431324730479140" remote="129445285800000000" /><file name="kickbox.png" server="lcatdesigns.com/videofitness/" local="129431196016172079" remote="129445285800000000" /><file name="logo.png" server="lcatdesigns.com/videofitness/" local="129429505860000000" remote="129445285800000000" /><file name="play.png" server="lcatdesigns.com/videofitness/" local="129451932749499635" remote="129452113200000000" /><file name="play_act.png" server="lcatdesigns.com/videofitness/" local="129435524198597616" remote="129445285800000000" /><file name="player.png" server="lcatdesigns.com/videofitness/" local="129448854571426597" remote="129449073000000000" /><file name="review.png" server="lcatdesigns.com/videofitness/" local="129432187692529544" remote="129445285800000000" /><file name="review_act.png" server="lcatdesigns.com/videofitness/" local="129435524054649383" remote="129445285800000000" /><file name="rushfit.jpg" server="lcatdesigns.com/videofitness/" local="129429452800000000" remote="129445285800000000" /><file name="search.png" server="lcatdesigns.com/videofitness/" local="129430443004542457" remote="129445285800000000" /><file name="spinning.png" server="lcatdesigns.com/videofitness/" local="129431323500038762" remote="129445285800000000" /><file name="star.png" server="lcatdesigns.com/videofitness/" local="129431504854130406" remote="129445285800000000" /><file name="step.png" server="lcatdesigns.com/videofitness/" local="129431201664218752" remote="129445285800000000" /><file name="strength.png" server="lcatdesigns.com/videofitness/" local="129431205021827173" remote="129445285800000000" /><file name="vf-comp_s1.png" server="lcatdesigns.com/videofitness/" local="129430438404159330" remote="129445285800000000" /><file name="xtend-barre.jpg" server="lcatdesigns.com/videofitness/" local="129431213485651276" remote="129445285800000000" /><file name="pilates.png" server="lcatdesigns.com/videofitness/" local="129451184345869624" remote="129451393200000000" /><file name="yoga.png" server="lcatdesigns.com/videofitness/" local="129451184228822930" remote="129451393200000000" /><file name="news.png" server="lcatdesigns.com/videofitness/" local="3383601432" remote="16268653908" /><file name="logoNews.png" server="lcatdesigns.com/videofitness/" local="3383736123" remote="16268656008" /></dwsync>